{
  "model": "Qwen/Qwen2.5-3B",
  "architecture": "transformer",
  "parameters": 3085938688,
  "tasks": {
    "n_reasoning_total": 400,
    "n_control_total": 300,
    "n_custom_reasoning": 300,
    "n_gsm8k": 100,
    "task_types": [
      "sequential",
      "arithmetic",
      "math_word_problem",
      "comparison"
    ]
  },
  "circuit_detection": {
    "circuits_found": 0,
    "total_layers_tested": 5,
    "circuit_layers": [],
    "layer_indices_tested": [
      0,
      9,
      18,
      27,
      35
    ],
    "detailed_results": {
      "0": {
        "is_circuit": false,
        "reasoning_similarity_mean": 0.8496940377055852,
        "control_similarity_mean": 0.610730103708164,
        "cross_similarity_mean": 0.6249123215675354,
        "p_value": 0.0,
        "cohens_d": 1.536352103864921,
        "gap": 0.2389639339974211,
        "relative_diff": 0.3912758394362847
      },
      "9": {
        "is_circuit": false,
        "reasoning_similarity_mean": 0.9804515103924842,
        "control_similarity_mean": 0.9957097622596035,
        "cross_similarity_mean": 0.9840368628501892,
        "p_value": 1.0,
        "cohens_d": -0.8153177453041969,
        "gap": -0.015258251867119266,
        "relative_diff": -0.015323995450735676
      },
      "18": {
        "is_circuit": false,
        "reasoning_similarity_mean": 0.9734016478203592,
        "control_similarity_mean": 0.9932586109159782,
        "cross_similarity_mean": 0.9779539704322815,
        "p_value": 1.0,
        "cohens_d": -0.8670895961829217,
        "gap": -0.019856963095619018,
        "relative_diff": -0.019991735160802708
      },
      "27": {
        "is_circuit": false,
        "reasoning_similarity_mean": 0.9499901248107578,
        "control_similarity_mean": 0.9881363185153758,
        "cross_similarity_mean": 0.9588070511817932,
        "p_value": 1.0,
        "cohens_d": -0.9935667235492772,
        "gap": -0.038146193704617914,
        "relative_diff": -0.03860418141692294
      },
      "35": {
        "is_circuit": false,
        "reasoning_similarity_mean": 0.9064062656469661,
        "control_similarity_mean": 0.9239548625821121,
        "cross_similarity_mean": 0.9166411757469177,
        "p_value": 8.014448205723207e-07,
        "cohens_d": -0.23061628316846888,
        "gap": -0.017548596935145988,
        "relative_diff": -0.018992915829355722
      }
    }
  },
  "sparse_probing": {
    "probe_results": {
      "0": {
        "accuracy": 1.0,
        "n_important": 52,
        "important_neurons": [
          7,
          9,
          92,
          97,
          105,
          116,
          156,
          181,
          192,
          294,
          299,
          302,
          308,
          396,
          441,
          533,
          557,
          577,
          601,
          613,
          615,
          661,
          694,
          716,
          723,
          797,
          841,
          859,
          862,
          876,
          962,
          1008,
          1062,
          1119,
          1132,
          1202,
          1234,
          1254,
          1269,
          1352,
          1357,
          1395,
          1422,
          1465,
          1466,
          1489,
          1531,
          1582,
          1659,
          1856,
          1940,
          2003
        ],
        "total_neurons": 2048,
        "sparsity": 0.974609375
      },
      "9": {
        "accuracy": 1.0,
        "n_important": 205,
        "important_neurons": [
          3,
          18,
          61,
          73,
          90,
          95,
          111,
          116,
          155,
          203,
          205,
          211,
          214,
          216,
          221,
          238,
          239,
          240,
          259,
          264,
          270,
          281,
          283,
          290,
          295,
          303,
          317,
          319,
          343,
          362,
          364,
          372,
          391,
          392,
          396,
          402,
          412,
          423,
          437,
          446,
          452,
          462,
          469,
          471,
          480,
          499,
          505,
          507,
          508,
          513,
          515,
          516,
          521,
          531,
          533,
          545,
          550,
          552,
          557,
          576,
          583,
          588,
          591,
          598,
          602,
          603,
          629,
          655,
          688,
          719,
          720,
          765,
          781,
          782,
          790,
          797,
          805,
          807,
          815,
          816,
          819,
          820,
          821,
          827,
          861,
          888,
          892,
          894,
          901,
          904,
          914,
          918,
          934,
          941,
          953,
          958,
          960,
          963,
          965,
          967,
          1001,
          1002,
          1003,
          1008,
          1010,
          1043,
          1056,
          1063,
          1065,
          1072,
          1073,
          1085,
          1095,
          1136,
          1164,
          1194,
          1202,
          1226,
          1228,
          1239,
          1240,
          1244,
          1245,
          1258,
          1266,
          1285,
          1298,
          1301,
          1322,
          1343,
          1353,
          1359,
          1364,
          1373,
          1374,
          1375,
          1380,
          1389,
          1393,
          1394,
          1416,
          1422,
          1439,
          1440,
          1449,
          1456,
          1458,
          1461,
          1462,
          1487,
          1491,
          1494,
          1515,
          1535,
          1552,
          1557,
          1564,
          1565,
          1580,
          1582,
          1586,
          1607,
          1608,
          1624,
          1630,
          1636,
          1647,
          1648,
          1652,
          1653,
          1691,
          1706,
          1709,
          1716,
          1739,
          1756,
          1771,
          1791,
          1792,
          1799,
          1808,
          1814,
          1823,
          1825,
          1831,
          1846,
          1856,
          1860,
          1861,
          1873,
          1897,
          1913,
          1915,
          1922,
          1926,
          1930,
          1933,
          1962,
          1970,
          1978,
          1980,
          1982,
          1998,
          2022,
          2037
        ],
        "total_neurons": 2048,
        "sparsity": 0.89990234375
      },
      "18": {
        "accuracy": 1.0,
        "n_important": 66,
        "important_neurons": [
          30,
          40,
          58,
          72,
          116,
          280,
          285,
          298,
          325,
          340,
          392,
          406,
          423,
          430,
          448,
          499,
          508,
          510,
          528,
          535,
          550,
          600,
          649,
          703,
          711,
          712,
          721,
          730,
          772,
          775,
          782,
          788,
          876,
          883,
          894,
          898,
          989,
          1016,
          1089,
          1136,
          1139,
          1163,
          1185,
          1257,
          1283,
          1295,
          1325,
          1345,
          1356,
          1417,
          1465,
          1586,
          1677,
          1689,
          1702,
          1721,
          1754,
          1769,
          1785,
          1786,
          1822,
          1832,
          1867,
          1890,
          1956,
          2018
        ],
        "total_neurons": 2048,
        "sparsity": 0.9677734375
      },