{
  "model": "google/gemma-2b-it",
  "architecture": "Effiecient",
  "parameters": 2506172416,
  "tasks": {
    "n_reasoning_total": 400,
    "n_control_total": 300,
    "n_custom_reasoning": 300,
    "n_gsm8k": 100,
    "task_types": [
      "sequential",
      "arithmetic",
      "math_word_problem",
      "comparison"
    ]
  },
  "circuit_detection": {
    "circuits_found": 0,
    "total_layers_tested": 5,
    "circuit_layers": [],
    "layer_indices_tested": [
      0,
      4,
      9,
      13,
      17
    ],
    "detailed_results": {
      "0": {
        "is_circuit": false,
        "reasoning_similarity_mean": 0.9725967839255668,
        "control_similarity_mean": 0.9585605618879283,
        "cross_similarity_mean": 0.9194589257240295,
        "p_value": 0.0,
        "cohens_d": 0.6594810706881852,
        "gap": 0.014036222037638546,
        "relative_diff": 0.014643020582855583
      },
      "4": {
        "is_circuit": false,
        "reasoning_similarity_mean": 0.9384830872524054,
        "control_similarity_mean": 0.9854093798028187,
        "cross_similarity_mean": 0.9381754398345947,
        "p_value": 1.0,
        "cohens_d": -0.8369332357364283,
        "gap": -0.04692629255041336,
        "relative_diff": -0.047621114140199636
      },
      "9": {
        "is_circuit": false,
        "reasoning_similarity_mean": 0.903527725778128,
        "control_similarity_mean": 0.9797653706709012,
        "cross_similarity_mean": 0.910280704498291,
        "p_value": 1.0,
        "cohens_d": -0.9538857238998727,
        "gap": -0.07623764489277318,
        "relative_diff": -0.07781214480010548
      },
      "13": {
        "is_circuit": false,
        "reasoning_similarity_mean": 0.8505627667239136,
        "control_similarity_mean": 0.9625061438766743,
        "cross_similarity_mean": 0.842856228351593,
        "p_value": 1.0,
        "cohens_d": -1.06796254777211,
        "gap": -0.1119433771527607,
        "relative_diff": -0.11630406503369185
      },
      "17": {
        "is_circuit": false,
        "reasoning_similarity_mean": 0.9264965987608845,
        "control_similarity_mean": 0.953826182562372,
        "cross_similarity_mean": 0.9000871181488037,
        "p_value": 1.0,
        "cohens_d": -0.6720138506035498,
        "gap": -0.027329583801487423,
        "relative_diff": -0.02865258293504677
      }
    }
  },
  "sparse_probing": {
    "probe_results": {
      "0": {
        "accuracy": 1.0,
        "n_important": 71,
        "important_neurons": [
          41,
          97,
          141,
          151,
          174,
          190,
          192,
          200,
          249,
          264,
          417,
          427,
          485,
          505,
          553,
          565,
          571,
          577,
          628,
          652,
          658,
          669,
          705,
          781,
          804,
          805,
          818,
          824,
          954,
          1008,
          1035,
          1076,
          1080,
          1083,
          1097,
          1120,
          1138,
          1143,
          1145,
          1154,
          1231,
          1252,
          1253,
          1265,
          1320,
          1343,
          1345,
          1365,
          1389,
          1405,
          1441,
          1443,
          1466,
          1517,
          1544,
          1551,
          1577,
          1599,
          1677,
          1713,
          1777,
          1779,
          1835,
          1914,
          1923,
          1962,
          1964,
          1970,
          1993,
          1995,
          2012
        ],
        "total_neurons": 2048,
        "sparsity": 0.96533203125
      },
      "4": {
        "accuracy": 1.0,
        "n_important": 177,
        "important_neurons": [
          3,
          6,
          31,
          51,
          53,
          55,
          79,
          87,
          99,
          107,
          133,
          145,
          151,
          155,
          170,
          180,
          185,
          195,
          196,
          199,
          203,
          214,
          215,
          242,
          249,
          253,
          262,
          306,
          311,
          314,
          390,
          393,
          412,
          418,
          459,
          461,
          464,
          465,
          471,
          487,
          505,
          509,
          525,
          552,
          553,
          561,
          563,
          571,
          575,
          577,
          594,
          595,
          607,
          635,
          649,
          663,
          664,
          678,
          699,
          706,
          730,
          743,
          766,
          767,
          769,
          771,
          782,
          783,
          800,
          805,
          808,
          824,
          850,
          854,
          865,
          866,
          869,
          874,
          900,
          913,
          933,
          957,
          959,
          987,
          989,
          1035,
          1037,
          1041,
          1043,
          1049,
          1060,
          1072,
          1079,
          1090,
          1108,
          1117,
          1134,
          1148,
          1152,
          1153,
          1159,
          1183,
          1185,
          1218,
          1224,
          1226,
          1230,
          1237,
          1248,
          1249,
          1251,
          1256,
          1261,
          1268,
          1276,
          1281,
          1304,
          1317,
          1343,
          1356,
          1368,
          1374,
          1391,
          1393,
          1396,
          1399,
          1439,
          1452,
          1465,
          1488,
          1489,
          1497,
          1544,
          1551,
          1564,
          1565,
          1572,
          1579,
          1607,
          1645,
          1659,
          1669,
          1672,
          1680,
          1689,
          1705,
          1706,
          1707,
          1716,
          1729,
          1732,
          1753,
          1754,
          1771,
          1795,
          1799,
          1806,
          1807,
          1813,
          1817,
          1822,
          1838,
          1852,
          1857,
          1895,
          1897,
          1932,
          1937,
          1962,
          1970,
          1975,
          1986,
          1999,
          2005,
          2013,
          2026,
          2040
        ],
        "total_neurons": 2048,
        "sparsity": 0.91357421875
      },
      "9": {
        "accuracy": 0.9985714285714286,
        "n_important": 56,
        "important_neurons": [
          13,
          135,
          242,
          245,
          322,
          383,
          461,
          463,
          475,
          525,
          552,
          580,
          588,
          591,
          664,
          669,
          683,
          687,
          808,
          816,
          881,
          905,
          910,
          938,
          947,
          967,
          1003,
          1049,
          1114,
          1116,
          1153,
          1195,
          1207,
          1238,
          1301,
          1358,
          1368,
          1468,
          1497,
          1534,
          1561,
          1607,
          1623,
          1641,
          1649,
          1700,
          1744,
          1799,
          1863,
          1913,
          1932,
          1952,
          1956,
          1975,
          1999,
          2032
        ],
        "total_neurons": 2048,
        "sparsity": 0.97265625
      },
      "13": {
        "accuracy": 1.0,
        "n_important": 60,