{
  "experiment": "Complete Mechanistic Analysis - Nature MI",
  "timestamp": "2025-10-19T14:32:33.202550",
  "models_tested": 1,
  "analyses_performed": [
    "Circuit Detection",
    "Sparse Probing",
    "Mechanistic Interpretation",
    "Gradient-based Tracing",
    "Cross-benchmark Generalization"
  ],
  "all_results": [
    {
      "model": "microsoft/phi-2",
      "architecture": "Hybrid",
      "parameters": 2779683840,
      "tasks": {
        "n_reasoning_total": 400,
        "n_control_total": 300,
        "n_custom_reasoning": 300,
        "n_gsm8k": 100,
        "task_types": [
          "sequential",
          "arithmetic",
          "math_word_problem",
          "comparison"
        ]
      },
      "circuit_detection": {
        "circuits_found": 0,
        "total_layers_tested": 5,
        "circuit_layers": [],
        "layer_indices_tested": [
          0,
          8,
          16,
          24,
          31
        ],
        "detailed_results": {
          "0": {
            "is_circuit": false,
            "reasoning_similarity_mean": 0.7612827968358395,
            "control_similarity_mean": 0.6429752277557135,
            "cross_similarity_mean": 0.5615234375,
            "p_value": 0.0,
            "cohens_d": 0.8611083277774532,
            "gap": 0.11830756908012607,
            "relative_diff": 0.18400019778845172
          },
          "8": {
            "is_circuit": false,
            "reasoning_similarity_mean": 0.8682618105321899,
            "control_similarity_mean": 0.9457392697881828,
            "cross_similarity_mean": 0.86181640625,
            "p_value": 1.0,
            "cohens_d": -0.9050777971275887,
            "gap": -0.07747745925599292,
            "relative_diff": -0.08192264161066881
          },
          "16": {
            "is_circuit": false,
            "reasoning_similarity_mean": 0.8322178921424656,
            "control_similarity_mean": 0.9338898759754738,
            "cross_similarity_mean": 0.818359375,
            "p_value": 1.0,
            "cohens_d": -1.0057447971228601,
            "gap": -0.10167198383300824,
            "relative_diff": -0.10886935006850679
          },
          "24": {
            "is_circuit": false,
            "reasoning_similarity_mean": 0.807283944725094,
            "control_similarity_mean": 0.9016058846328038,
            "cross_similarity_mean": 0.7861328125,
            "p_value": 1.0,
            "cohens_d": -0.9141430416994063,
            "gap": -0.09432193990770976,
            "relative_diff": -0.10461548833626366
          },
          "31": {
            "is_circuit": false,
            "reasoning_similarity_mean": 0.8493920470120614,
            "control_similarity_mean": 0.7990298063858695,
            "cross_similarity_mean": 0.7734375,
            "p_value": 0.0,
            "cohens_d": 0.6119667410664706,
            "gap": 0.05036224062619188,
            "relative_diff": 0.06302923898920339
          }
        }
      },
      "sparse_probing": {
        "probe_results": {
          "0": {
            "accuracy": 1.0,
            "n_important": 75,
            "important_neurons": [
              25,
              26,
              39,
              83,
              96,
              107,
              152,
              190,
              304,
              368,
              488,
              528,
              529,
              536,
              560,
              669,
              670,
              696,
              715,
              718,
              744,
              771,
              810,
              830,
              853,
              856,
              862,
              869,
              899,
              958,
              989,
              993,
              1098,
              1164,
              1206,
              1277,
              1290,
              1313,
              1341,
              1350,
              1410,
              1417,
              1430,
              1454,
              1506,
              1526,
              1540,
              1613,
              1629,
              1729,
              1774,
              1847,
              1926,
              1929,
              1953,
              1962,
              2060,
              2068,
              2126,
              2170,
              2177,
              2185,
              2188,
              2206,
              2211,
              2292,
              2317,
              2358,
              2364,
              2384,
              2451,
              2473,
              2517,
              2528,
              2553
            ],
            "total_neurons": 2560,
            "sparsity": 0.970703125
          },
          "8": {
            "accuracy": 1.0,
            "n_important": 64,
            "important_neurons": [
              25,
              29,
              72,
              84,
              115,
              153,
              264,
              295,
              296,
              399,
              484,
              493,
              542,
              605,
              628,
              757,
              818,
              824,
              869,
              905,
              997,
              1031,
              1040,
              1111,
              1175,
              1211,
              1217,
              1226,
              1268,
              1309,
              1322,
              1345,
              1353,
              1374,
              1410,
              1470,
              1510,
              1526,
              1566,
              1595,
              1602,
              1614,
              1629,
              1652,
              1661,
              1717,
              1861,
              1947,
              2137,
              2154,
              2170,
              2172,
              2198,
              2256,
              2272,
              2330,
              2339,
              2359,
              2383,
              2387,
              2412,
              2431,
              2496,
              2551
            ],
            "total_neurons": 2560,
            "sparsity": 0.975
          },
          "16": {
            "accuracy": 1.0,
            "n_important": 59,
            "important_neurons": [
              39,
              182,
              214,
              259,
              298,
              399,
              417,
              476,
              628,
              631,
              662,
              697,
              747,
              818,
              869,
              1006,
              1031,
              1094,
              1176,
              1280,
              1287,
              1288,
              1309,
              1314,
              1345,
              1374,
              1392,
              1393,
              1410,
              1433,
              1450,
              1453,
              1470,
              1516,
              1526,
              1568,
              1576,
              1592,
              1688,
              1692,
              1706,
              1721,
              1738,
              1804,
              1869,
              1987,
              2060,
              2070,
              2080,
              2104,
              2131,
              2137,
              2208,
              2258,
              2338,
              2529,
              2547,
              2551,
              2553
            ],
            "total_neurons": 2560,
            "sparsity": 0.976953125
          },
          "24": {
            "accuracy": 1.0,
            "n_important": 133,